{"errors":[],"warnings":[],"namedChunkGroups":{"app":{"chunks":[7,0,2],"assets":["webpack-runtime-121250b6b7df4df3b380.js","webpack-runtime-121250b6b7df4df3b380.js.map","commons-010e94030db2ce969073.js","commons-010e94030db2ce969073.js.map","app-278672efeec7eca81a90.js","app-278672efeec7eca81a90.js.map"],"children":{},"childAssets":{}},"component---cache-caches-gatsby-plugin-offline-app-shell-js":{"chunks":[3],"assets":["component---cache-caches-gatsby-plugin-offline-app-shell-js-0159bb149368cfb6a796.js","component---cache-caches-gatsby-plugin-offline-app-shell-js-0159bb149368cfb6a796.js.map"],"children":{},"childAssets":{}},"component---src-pages-about-js":{"chunks":[1,0,4],"assets":["styles.31a89e3c15ed19e7ecea.css","styles-67163425f3ac76124843.js","styles-67163425f3ac76124843.js.map","commons-010e94030db2ce969073.js","commons-010e94030db2ce969073.js.map","component---src-pages-about-js-21f9c86810f7fc997523.js","component---src-pages-about-js-21f9c86810f7fc997523.js.map"],"children":{},"childAssets":{}},"component---src-pages-all-countries-js":{"chunks":[1,0,5],"assets":["styles.31a89e3c15ed19e7ecea.css","styles-67163425f3ac76124843.js","styles-67163425f3ac76124843.js.map","commons-010e94030db2ce969073.js","commons-010e94030db2ce969073.js.map","component---src-pages-all-countries-js-5dbbea371dae9e52b840.js","component---src-pages-all-countries-js-5dbbea371dae9e52b840.js.map"],"children":{},"childAssets":{}},"component---src-pages-index-js":{"chunks":[1,0,6],"assets":["styles.31a89e3c15ed19e7ecea.css","styles-67163425f3ac76124843.js","styles-67163425f3ac76124843.js.map","commons-010e94030db2ce969073.js","commons-010e94030db2ce969073.js.map","component---src-pages-index-js-ab5eef5dcb511a7f6057.js","component---src-pages-index-js-ab5eef5dcb511a7f6057.js.map"],"children":{},"childAssets":{}}},"assetsByChunkName":{"app":["webpack-runtime-121250b6b7df4df3b380.js","commons-010e94030db2ce969073.js","app-278672efeec7eca81a90.js"],"component---cache-caches-gatsby-plugin-offline-app-shell-js":["component---cache-caches-gatsby-plugin-offline-app-shell-js-0159bb149368cfb6a796.js"],"component---src-pages-about-js":["styles.31a89e3c15ed19e7ecea.css","styles-67163425f3ac76124843.js","commons-010e94030db2ce969073.js","component---src-pages-about-js-21f9c86810f7fc997523.js"],"component---src-pages-all-countries-js":["styles.31a89e3c15ed19e7ecea.css","styles-67163425f3ac76124843.js","commons-010e94030db2ce969073.js","component---src-pages-all-countries-js-5dbbea371dae9e52b840.js"],"component---src-pages-index-js":["styles.31a89e3c15ed19e7ecea.css","styles-67163425f3ac76124843.js","commons-010e94030db2ce969073.js","component---src-pages-index-js-ab5eef5dcb511a7f6057.js"]}}